{
  "hosting": {
    "public": "build/web",
    "ignore": [
      "firebase.json",
      "**/.*",
      "**/node_modules/**"
    ],
    "rewrites": [
      {
        "source": "**",
        "destination": "/index.html"
      }
    ],
    "headers": [
      {
        "source": "**/*.@(jpg|jpeg|gif|png|svg|webp|ico)",
        "headers": [
          {
            "key": "Cache-Control",
            "value": "max-age=604800"
          }
        ]
      },
      {
        "source": "**/*.@(js|css)",
        "headers": [
          {
            "key": "Cache-Control",
            "value": "max-age=604800"
          }
        ]
      },
      {
        "source": "**/*.@(woff|woff2|ttf|otf)",
        "headers": [
          {
            "key": "Cache-Control",
            "value": "max-age=604800"
          }
        ]
      }
    ]
  }
}