{
  "version": 2,
  "public": false,
  "github": {
    "enabled": true
  },
  "builds": [
    {
      "src": "build/web/**",
      "use": "@vercel/static"
    }
  ],
  "routes": [
    {
      "src": "/(.*)",
      "dest": "/build/web/$1"
    },
    {
      "handle": "filesystem"
    },
    {
      "src": "/.*",
      "dest": "/build/web/index.html"
    }
  ],
  "headers": [
    {
      "source": "/(.*)",
      "headers": [
        {
          "key": "X-Content-Type-Options",
          "value": "nosniff"
        },
        {
          "key": "X-Frame-Options",
          "value": "DENY"
        },
        {
          "key": "X-XSS-Protection",
          "value": "1; mode=block"
        }
      ]
    }
  ]
}